{
  "base": {
    "name": "Base Prompt",
    "sample_size": 5,
    "avg_length_ratio": 0.7734926685676924,
    "emotion_metrics": {
      "anxiety": {
        "count": 1,
        "avg_length_ratio": 0.8677652733118971
      },
      "sadness": {
        "count": 1,
        "avg_length_ratio": 0.9438877755511023
      },
      "hope": {
        "count": 2,
        "avg_length_ratio": 0.6850239338453556
      },
      "neutral": {
        "count": 1,
        "avg_length_ratio": 0.6857624262847515
      }
    },
    "severity_metrics": {
      "low": {
        "count": 4,
        "avg_length_ratio": 0.73089389182184
      },
      "high": {
        "count": 1,
        "avg_length_ratio": 0.9438877755511023
      }
    }
  },
  "emotion_only": {
    "name": "Emotion-Tailored",
    "sample_size": 5,
    "avg_length_ratio": 0.7163346762000362,
    "emotion_metrics": {
      "anxiety": {
        "count": 1,
        "avg_length_ratio": 0.8364147909967846
      },
      "sadness": {
        "count": 1,
        "avg_length_ratio": 0.7675176534492124
      },
      "hope": {
        "count": 2,
        "avg_length_ratio": 0.5785510579576817
      },
      "neutral": {
        "count": 1,
        "avg_length_ratio": 0.8206388206388207
      }
    },
    "severity_metrics": {
      "low": {
        "count": 4,
        "avg_length_ratio": 0.7035389318877422
      },
      "high": {
        "count": 1,
        "avg_length_ratio": 0.7675176534492124
      }
    }
  },
  "severity_only": {
    "name": "Severity-Tailored",
    "sample_size": 5,
    "avg_length_ratio": 0.6912453286337287,
    "emotion_metrics": {
      "anxiety": {
        "count": 1,
        "avg_length_ratio": 0.3532958199356913
      },
      "sadness": {
        "count": 1,
        "avg_length_ratio": 0.7187182095625636
      },
      "hope": {
        "count": 2,
        "avg_length_ratio": 0.9055583952872824
      },
      "neutral": {
        "count": 1,
        "avg_length_ratio": 0.5730958230958231
      }
    },
    "severity_metrics": {
      "low": {
        "count": 4,
        "avg_length_ratio": 0.6843771084015199
      },
      "high": {
        "count": 1,
        "avg_length_ratio": 0.7187182095625636
      }
    }
  },
  "emotion_severity": {
    "name": "Fully Tailored",
    "sample_size": 5,
    "avg_length_ratio": 0.6553597887286103,
    "emotion_metrics": {
      "anxiety": {
        "count": 1,
        "avg_length_ratio": 0.8114951768488746
      },
      "sadness": {
        "count": 1,
        "avg_length_ratio": 0.8202406227883935
      },
      "hope": {
        "count": 2,
        "avg_length_ratio": 0.5184775179488378
      },
      "neutral": {
        "count": 1,
        "avg_length_ratio": 0.6081081081081081
      }
    },
    "severity_metrics": {
      "low": {
        "count": 4,
        "avg_length_ratio": 0.6141395802136645
      },
      "high": {
        "count": 1,
        "avg_length_ratio": 0.8202406227883935
      }
    }
  },
  "few_shot": {
    "name": "Few-Shot Learning",
    "sample_size": 5,
    "avg_length_ratio": 0.6549208189024898,
    "emotion_metrics": {
      "anxiety": {
        "count": 1,
        "avg_length_ratio": 0.9943729903536977
      },
      "sadness": {
        "count": 1,
        "avg_length_ratio": 0.7622080679405521
      },
      "hope": {
        "count": 2,
        "avg_length_ratio": 0.46908522818280957
      },
      "neutral": {
        "count": 1,
        "avg_length_ratio": 0.5798525798525799
      }
    },
    "severity_metrics": {
      "low": {
        "count": 4,
        "avg_length_ratio": 0.6280990066429741
      },
      "high": {
        "count": 1,
        "avg_length_ratio": 0.7622080679405521
      }
    }
  }
}