{
  "base": {
    "name": "Base Prompt",
    "sample_size": 40,
    "avg_length_ratio": 0.7539552937848506,
    "bleu": {
      "bleu-1": 0.36831393988542976,
      "bleu-2": 0.1884170807236413,
      "bleu-3": 0.10595908961095288,
      "bleu-4": 0.06117982392901324,
      "bleu-avg": 0.18096748353725928
    },
    "rouge": {
      "rouge-1": {
        "precision": 0.2944051551769385,
        "recall": 0.34305078498891683,
        "f1": 0.3102376308994788
      },
      "rouge-2": {
        "precision": 0.07634279798899464,
        "recall": 0.08968528223824397,
        "f1": 0.0804971004914931
      },
      "rouge-l": {
        "precision": 0.2681966549311842,
        "recall": 0.3120152798043557,
        "f1": 0.282367176239078
      }
    },
    "bertscore": {
      "precision": 0.05058097908622585,
      "recall": 0.20226688724942504,
      "f1": 0.126317275891779
    },
    "emotion_metrics": {
      "anxiety": {
        "count": 20,
        "avg_length_ratio": 0.827132865297256,
        "avg_bleu_avg": 0.19588550208379557,
        "avg_rouge_l_f1": 0.28571160924831684,
        "avg_bert_f1": 0.12012182660400868
      },
      "sadness": {
        "count": 3,
        "avg_length_ratio": 0.751898109685054,
        "avg_bleu_avg": 0.21383081395664796,
        "avg_rouge_l_f1": 0.3121397819797583,
        "avg_bert_f1": 0.15407338117559752
      },
      "frustration": {
        "count": 3,
        "avg_length_ratio": 0.8570500438367752,
        "avg_bleu_avg": 0.1995229617036398,
        "avg_rouge_l_f1": 0.3119845699669407,
        "avg_bert_f1": 0.1813487857580185
      },
      "hope": {
        "count": 6,
        "avg_length_ratio": 0.7448885170766002,
        "avg_bleu_avg": 0.15582319987372825,
        "avg_rouge_l_f1": 0.24825113907077112,
        "avg_bert_f1": 0.1155029737080137
      },
      "neutral": {
        "count": 6,
        "avg_length_ratio": 0.45574904023516477,
        "avg_bleu_avg": 0.11162130601789862,
        "avg_rouge_l_f1": 0.24716357328100322,
        "avg_bert_f1": 0.09439771913457662
      },
      "fear": {
        "count": 2,
        "avg_length_ratio": 0.7924423205064135,
        "avg_bleu_avg": 0.23813046874191773,
        "avg_rouge_l_f1": 0.3677967673230198,
        "avg_bert_f1": 0.19229192286729813
      }
    },
    "severity_metrics": {
      "low": {
        "count": 12,
        "avg_length_ratio": 0.6694971227515588,
        "avg_bleu_avg": 0.16582548756742718,
        "avg_rouge_l_f1": 0.2801591492517441,
        "avg_bert_f1": 0.12573010303700963
      },
      "medium": {
        "count": 5,
        "avg_length_ratio": 0.7110905102251079,
        "avg_bleu_avg": 0.1748841437695487,
        "avg_rouge_l_f1": 0.2887060057759509,
        "avg_bert_f1": 0.10360860801301897
      },
      "high": {
        "count": 23,
        "avg_length_ratio": 0.807338857706512,
        "avg_bleu_avg": 0.19019012051450004,
        "avg_rouge_l_f1": 0.2821411838983667,
        "avg_bert_f1": 0.13156029387660648
      }
    }
  },
  "emotion_only": {
    "name": "Emotion-Tailored",
    "sample_size": 40,
    "avg_length_ratio": 0.7367981123074163,
    "bleu": {
      "bleu-1": 0.36904100804290885,
      "bleu-2": 0.1764779368886244,
      "bleu-3": 0.09003261396632353,
      "bleu-4": 0.04800502135934892,
      "bleu-avg": 0.17088914506430145
    },
    "rouge": {
      "rouge-1": {
        "precision": 0.3006108439898404,
        "recall": 0.3223785054292897,
        "f1": 0.30372980360062435
      },
      "rouge-2": {
        "precision": 0.07100044623773578,
        "recall": 0.07571635689067609,
        "f1": 0.0711260038103386
      },
      "rouge-l": {
        "precision": 0.2715738889817204,
        "recall": 0.29125461683168047,
        "f1": 0.2742690125323405
      }
    },
    "bertscore": {
      "precision": 0.08067787449690514,
      "recall": 0.19122385093942285,
      "f1": 0.13624241696670653
    },
    "emotion_metrics": {
      "anxiety": {
        "count": 20,
        "avg_length_ratio": 0.8117865409947971,
        "avg_bleu_avg": 0.18274800569378788,
        "avg_rouge_l_f1": 0.2757009194666488,
        "avg_bert_f1": 0.13194194678217172
      },
      "sadness": {
        "count": 3,
        "avg_length_ratio": 0.7052217332587026,
        "avg_bleu_avg": 0.20458429600645323,
        "avg_rouge_l_f1": 0.3128377375521187,
        "avg_bert_f1": 0.20101637641588846
      },
      "frustration": {
        "count": 3,
        "avg_length_ratio": 0.7719847193786569,
        "avg_bleu_avg": 0.16954412761262935,
        "avg_rouge_l_f1": 0.2766996506157759,
        "avg_bert_f1": 0.13862936943769455
      },
      "hope": {
        "count": 6,
        "avg_length_ratio": 0.6688490693106729,
        "avg_bleu_avg": 0.14208931408469558,
        "avg_rouge_l_f1": 0.2508709741146347,
        "avg_bert_f1": 0.11411587273081143
      },
      "neutral": {
        "count": 6,
        "avg_length_ratio": 0.5649092018162002,
        "avg_bleu_avg": 0.1328285849527824,
        "avg_rouge_l_f1": 0.2520107097622294,
        "avg_bert_f1": 0.14622371022899947
      },
      "fear": {
        "count": 2,
        "avg_length_ratio": 0.7010123438636962,
        "avg_bleu_avg": 0.2043565118070918,
        "avg_rouge_l_f1": 0.3354199220978863,
        "avg_bert_f1": 0.11494150385260582
      }
    },
    "severity_metrics": {
      "low": {
        "count": 12,
        "avg_length_ratio": 0.677086406537181,
        "avg_bleu_avg": 0.15684202700042296,
        "avg_rouge_l_f1": 0.26925848924938617,
        "avg_bert_f1": 0.12012533470988274
      },
      "medium": {
        "count": 5,
        "avg_length_ratio": 0.6764840346359904,
        "avg_bleu_avg": 0.16783565658864505,
        "avg_rouge_l_f1": 0.2813383616094499,
        "avg_bert_f1": 0.10801875442266465
      },
      "high": {
        "count": 23,
        "avg_length_ratio": 0.7810638017682838,
        "avg_bleu_avg": 0.17888187807059808,
        "avg_rouge_l_f1": 0.2753463835762493,
        "avg_bert_f1": 0.15078690826244975
      }
    }
  },
  "severity_only": {
    "name": "Severity-Tailored",
    "sample_size": 40,
    "avg_length_ratio": 0.7116986248330471,
    "bleu": {
      "bleu-1": 0.3521818485224403,
      "bleu-2": 0.1694244677614199,
      "bleu-3": 0.08737714238296625,
      "bleu-4": 0.046613695985175826,
      "bleu-avg": 0.16389928866300058
    },
    "rouge": {
      "rouge-1": {
        "precision": 0.2922732222674532,
        "recall": 0.32826746732413625,
        "f1": 0.3011705495237226
      },
      "rouge-2": {
        "precision": 0.06927511499391613,
        "recall": 0.07849972171562322,
        "f1": 0.07114669332389158
      },
      "rouge-l": {
        "precision": 0.26188342166591544,
        "recall": 0.294624974331522,
        "f1": 0.2700171212013468
      }
    },
    "bertscore": {
      "precision": 0.05904805948957801,
      "recall": 0.18257286839652806,
      "f1": 0.12098073433153331
    },
    "emotion_metrics": {
      "anxiety": {
        "count": 20,
        "avg_length_ratio": 0.7953972926912346,
        "avg_bleu_avg": 0.18147133016896339,
        "avg_rouge_l_f1": 0.2722793837080714,
        "avg_bert_f1": 0.11508667175658047
      },
      "sadness": {
        "count": 3,
        "avg_length_ratio": 0.7772676188027828,
        "avg_bleu_avg": 0.1974390743554377,
        "avg_rouge_l_f1": 0.33317897691166337,
        "avg_bert_f1": 0.2141005595525106
      },
      "frustration": {
        "count": 3,
        "avg_length_ratio": 0.8288469613527351,
        "avg_bleu_avg": 0.167680786611104,
        "avg_rouge_l_f1": 0.28474671915561767,
        "avg_bert_f1": 0.1287881632645925
      },
      "hope": {
        "count": 6,
        "avg_length_ratio": 0.5346587764154215,
        "avg_bleu_avg": 0.11798328231411737,
        "avg_rouge_l_f1": 0.2469626875107068,
        "avg_bert_f1": 0.11658865461746852
      },
      "neutral": {
        "count": 6,
        "avg_length_ratio": 0.538904777877215,